Ice,Ice,Ice,Ice,Ice,Ice,Ice,Ice,Ice,Ice,Ice,Ice,Ice,Ice,Ice,Ice,Ice,Ice,Ice
Ice,Ice,Ice,Ice,Ice,Ice,Ice,Ice,Ice,Ice,Ice,Ice,Ice,Ice,Ice,Ice,Ice,Ice,Ice
Ice,Ice,Ice,Ice,Ice,Ice,Ice,Ice,Ice,Ice,Ice,Ice,Ice,Ice,Ice,Ice,Ice,Ice,Ice
Ice,Ice,Ice,Ice,Ice,Ice,Ice,Ice,Ice,Ice,Ice,Ice,Ice,Ice,Ice,Ice,Ice,Ice,Ice
Ice,Ice,Ice,Ice,Ice,Ice,Ice,Ice,Ice,Ice,Ice,Ice,Ice,Ice,Ice,Ice,Ice,Ice,Ice
Ice,Ice,Ice,Ice,Ice,Ice,Ice,Ice,Ice,Ice,Ice,Ice,Ice,Ice,Ice,Ice,Ice,Ice,Ice
Ice,Ice,Ice,Ice,Ice,Ice,Ice,Ice,Ice,Ice,Ice,Ice,Ice,Ice,Ice,Ice,Ice,Ice,Ice
Ice,Ice,Ice,Ice,Ice,Ice,Ice,Ice,Ice,Ice,Ice,Ice,Ice,Ice,Ice,Ice,Ice,Ice,Ice
Ice,Ice,Ice,Ice,Ice,Ice,Ice,Ice,Ice,Ice,Ice,Ice,Ice,Ice,Ice,Ice,Ice,Ice,Ice
Ice,Ice,Ice,Ice,Ice,Ice,Ice,Ice,Ice,Ice,Ice,Ice,Ice,Ice,Ice,Ice,Ice,Ice,Ice
Ice,Ice,Ice,Ice,Ice,Ice,Ice,Ice,Ice,Ice,Ice,Ice,Ice,Ice,Ice,Ice,Ice,Ice,Ice
Ice,Ice,Ice,Ice,Ice,Ice,Ice,Ice,Ice,Ice,Ice,Ice,Ice,Ice,Ice,Ice,Ice,Ice,Ice
Ice,Ice,Ice,Ice,Ice,Ice,Ice,Ice,Ice,Ice,Ice,Ice,Ice,Ice,Ice,Ice,Ice,Ice,Ice
Ice,Ice,Ice,Ice,Ice,Ice,Ice,Ice,Ice,Ice,Ice,Ice,Ice,Ice,Ice,Ice,Ice,Ice,Ice
